query_appid,query_game,metadata_rank,appid,recommended_game,metadata_score,genre_similarity,tag_similarity,play_mode_similarity,shared_genres,shared_tags,shared_play_modes,release_date,pct_pos_total,num_reviews_total,recommendations
1245620,ELDEN RING,1,678960,CODE VEIN,0.7459,1.0,0.6319,0.7782,"['action', 'rpg']","['action', 'action rpg', 'character customization', 'co op', 'dark fantasy', 'difficult', 'multiplayer', 'online co op', 'rpg', 'singleplayer', 'souls like', 'third person', 'violent']","['co op', 'multi player', 'online co op', 'single player']",2019-09-26,84.0,42021.0,42013
1245620,ELDEN RING,2,485510,Nioh: Complete Edition,0.7434,1.0,0.5723,1.0,"['action', 'rpg']","['action', 'action rpg', 'atmospheric', 'co op', 'dark fantasy', 'difficult', 'fantasy', 'great soundtrack', 'multiplayer', 'rpg', 'singleplayer', 'souls like', 'third person']","['co op', 'multi player', 'online co op', 'online pvp', 'pvp', 'single player']",2017-11-07,78.0,26100.0,26058
1245620,ELDEN RING,3,335300,DARK SOULS™ II: Scholar of the First Sin,0.7291,1.0,0.6517,0.5868,"['action', 'rpg']","['action', 'action rpg', 'atmospheric', 'character customization', 'co op', 'dark fantasy', 'difficult', 'fantasy', 'multiplayer', 'pvp', 'rpg', 'singleplayer', 'souls like', 'third person']","['co op', 'multi player', 'single player']",2015-04-01,84.0,72245.0,72139
1245620,ELDEN RING,4,1448440,Wo Long: Fallen Dynasty,0.7284,0.8633,0.6043,1.0,"['action', 'rpg']","['action', 'action rpg', 'atmospheric', 'character customization', 'co op', 'dark fantasy', 'difficult', 'fantasy', 'rpg', 'singleplayer', 'souls like', 'third person', 'violent']","['co op', 'multi player', 'online co op', 'online pvp', 'pvp', 'single player']",2023-03-03,47.0,19736.0,19733
1245620,ELDEN RING,5,1358700,STRANGER OF PARADISE FINAL FANTASY ORIGIN,0.7246,0.8633,0.6535,0.7782,"['action', 'rpg']","['3d', 'action', 'action rpg', 'atmospheric', 'dark fantasy', 'fantasy', 'multiplayer', 'online co op', 'pvp', 'rpg', 'singleplayer', 'souls like', 'third person', 'violent']","['co op', 'multi player', 'online co op', 'single player']",2023-04-06,83.0,2779.0,2776
1245620,ELDEN RING,6,637650,FINAL FANTASY XV WINDOWS EDITION,0.7133,0.8196,0.5973,1.0,['rpg'],"['action', 'action rpg', 'atmospheric', 'co op', 'fantasy', 'great soundtrack', 'multiplayer', 'online co op', 'open world', 'rpg', 'singleplayer', 'third person', 'violent']","['co op', 'multi player', 'online co op', 'online pvp', 'pvp', 'single player']",2018-03-06,83.0,40759.0,40750
1245620,ELDEN RING,7,2130510,Divinus Vanitas,0.6983,0.8633,0.6334,0.6832,"['action', 'rpg']","['3d', 'action', 'action rpg', 'character customization', 'fantasy', 'multiplayer', 'online co op', 'open world', 'pvp', 'rpg', 'singleplayer', 'souls like', 'third person']","['co op', 'multi player', 'online co op', 'online pvp', 'pvp', 'single player']",2022-09-14,74.0,27.0,0
1245620,ELDEN RING,8,649950,Ashen,0.6977,0.8633,0.6086,0.7782,"['action', 'rpg']","['action', 'action rpg', 'atmospheric', 'dark fantasy', 'fantasy', 'multiplayer', 'online co op', 'open world', 'rpg', 'singleplayer', 'souls like', 'third person']","['co op', 'multi player', 'online co op', 'single player']",2019-12-09,68.0,3005.0,3006
1245620,ELDEN RING,9,1325200,Nioh 2 – The Complete Edition,0.6918,1.0,0.5418,0.7782,"['action', 'rpg']","['action', 'atmospheric', 'character customization', 'co op', 'dark fantasy', 'difficult', 'fantasy', 'multiplayer', 'rpg', 'singleplayer', 'souls like', 'violent']","['co op', 'multi player', 'online co op', 'single player']",2021-02-05,88.0,30120.0,30099
1245620,ELDEN RING,10,374320,DARK SOULS™ III,0.6828,0.573,0.7526,0.5868,['action'],"['action', 'action rpg', 'atmospheric', 'character customization', 'co op', 'dark fantasy', 'difficult', 'great soundtrack', 'multiplayer', 'open world', 'pvp', 'rpg', 'singleplayer', 'souls like', 'third person']","['co op', 'multi player', 'single player']",2016-04-11,94.0,258335.0,258226
1245620,ELDEN RING,11,236430,DARK SOULS™ II,0.6738,1.0,0.5596,0.5868,"['action', 'rpg']","['action', 'action rpg', 'atmospheric', 'co op', 'dark fantasy', 'difficult', 'fantasy', 'multiplayer', 'open world', 'pvp', 'rpg', 'souls like', 'third person']","['co op', 'multi player', 'single player']",2014-04-25,87.0,30620.0,30603
1245620,ELDEN RING,12,574050,DRAGON QUEST HEROES™ II,0.6728,1.0,0.5205,0.7371,"['action', 'rpg']","['action', 'action rpg', 'character customization', 'co op', 'fantasy', 'great soundtrack', 'multiplayer', 'online co op', 'open world', 'rpg', 'third person']","['multi player', 'online pvp', 'pvp', 'single player']",2017-04-25,69.0,661.0,661
1245620,ELDEN RING,13,750800,Egress,0.6727,0.9255,0.488,0.99,"['action', 'rpg']","['action', 'atmospheric', 'dark fantasy', 'multiplayer', 'online co op', 'open world', 'pvp', 'rpg', 'souls like', 'third person']","['co op', 'multi player', 'online co op', 'online pvp', 'pvp']",2019-10-24,59.0,109.0,109
1245620,ELDEN RING,14,2344520,Diablo® IV,0.6696,1.0,0.4858,0.8544,"['action', 'rpg']","['action', 'action rpg', 'co op', 'dark fantasy', 'fantasy', 'multiplayer', 'online co op', 'rpg', 'singleplayer', 'third person', 'violent']","['co op', 'multi player', 'online co op', 'online pvp', 'pvp', 'single player']",2023-10-17,71.0,33185.0,33068
1245620,ELDEN RING,15,1944360,Rune Teller,0.6693,0.814,0.5817,0.7782,"['action', 'rpg']","['3d', 'action', 'action rpg', 'co op', 'fantasy', 'multiplayer', 'online co op', 'open world', 'rpg', 'singleplayer', 'souls like', 'third person']","['co op', 'multi player', 'online co op', 'single player']",2023-02-09,70.0,432.0,432
1245620,ELDEN RING,16,1501750,Lords of the Fallen,0.6672,0.8633,0.5388,0.8544,"['action', 'rpg']","['action', 'action rpg', 'character customization', 'dark fantasy', 'fantasy', 'multiplayer', 'online co op', 'open world', 'rpg', 'singleplayer', 'souls like']","['co op', 'multi player', 'online co op', 'online pvp', 'pvp', 'single player']",2023-10-13,63.0,23930.0,23921
1245620,ELDEN RING,17,1426490,LOST EPIC,0.665,0.9255,0.5282,0.7782,"['action', 'rpg']","['action', 'action rpg', 'character customization', 'co op', 'dark fantasy', 'difficult', 'multiplayer', 'online co op', 'singleplayer', 'souls like']","['co op', 'multi player', 'online co op', 'single player']",2022-07-27,72.0,1015.0,1015
1245620,ELDEN RING,18,851850,DRAGON BALL Z: KAKAROT,0.6543,1.0,0.4895,0.7371,"['action', 'rpg']","['action', 'action rpg', 'atmospheric', 'character customization', 'difficult', 'fantasy', 'great soundtrack', 'multiplayer', 'open world', 'rpg', 'singleplayer', 'third person']","['multi player', 'online pvp', 'pvp', 'single player']",2020-01-16,93.0,40642.0,40643
1245620,ELDEN RING,19,243930,Bound By Flame,0.6529,1.0,0.6363,0.141,"['action', 'rpg']","['action', 'action rpg', 'atmospheric', 'character customization', 'dark fantasy', 'difficult', 'fantasy', 'great soundtrack', 'open world', 'rpg', 'singleplayer', 'souls like', 'third person']",['single player'],2014-05-08,67.0,2833.0,2833
1245620,ELDEN RING,20,3328820,Marks of Ki,0.649,0.9255,0.5493,0.5868,"['action', 'rpg']","['3d', 'action', 'action rpg', 'character customization', 'dark fantasy', 'multiplayer', 'online co op', 'open world', 'rpg', 'singleplayer', 'souls like', 'third person']","['co op', 'multi player', 'single player']",2024-11-24,,0.0,0
1245620,ELDEN RING,21,3026560,Multiplayer Wizards,0.642,0.8196,0.4785,1.0,['rpg'],"['3d', 'action rpg', 'co op', 'multiplayer', 'online co op', 'pvp', 'rpg', 'singleplayer']","['co op', 'multi player', 'online co op', 'online pvp', 'pvp', 'single player']",2024-06-20,,0.0,0
1245620,ELDEN RING,22,899440,GOD EATER 3,0.6418,0.573,0.581,1.0,['action'],"['action', 'action rpg', 'character customization', 'co op', 'great soundtrack', 'multiplayer', 'online co op', 'open world', 'rpg', 'singleplayer', 'souls like', 'third person']","['co op', 'multi player', 'online co op', 'online pvp', 'pvp', 'single player']",2019-02-07,80.0,7154.0,7149
1245620,ELDEN RING,23,1766100,The Last Hero of Nostalgaia,0.6392,0.4011,0.7036,0.7782,['action'],"['3d', 'action', 'action rpg', 'character customization', 'co op', 'dark fantasy', 'difficult', 'multiplayer', 'online co op', 'rpg', 'singleplayer', 'souls like', 'third person', 'violent']","['co op', 'multi player', 'online co op', 'single player']",2022-10-19,79.0,1562.0,1551
1245620,ELDEN RING,24,617290,Remnant: From the Ashes,0.6385,0.8633,0.5099,0.7782,"['action', 'rpg']","['action', 'atmospheric', 'co op', 'dark fantasy', 'difficult', 'multiplayer', 'online co op', 'rpg', 'singleplayer', 'souls like', 'violent']","['co op', 'multi player', 'online co op', 'single player']",2019-08-19,85.0,43166.0,43164
1245620,ELDEN RING,25,1437400,Salt and Sacrifice,0.6351,1.0,0.482,0.6392,"['action', 'rpg']","['action', 'action rpg', 'character customization', 'co op', 'dark fantasy', 'online co op', 'pvp', 'rpg', 'souls like']","['co op', 'multi player', 'online co op', 'online pvp', 'pvp', 'single player']",2023-11-06,62.0,1309.0,1306
1245620,ELDEN RING,26,2568990,Champion of Andia,0.6346,0.7083,0.5126,1.0,"['action', 'rpg']","['3d', 'action', 'action rpg', 'character customization', 'co op', 'fantasy', 'multiplayer', 'online co op', 'pvp', 'rpg', 'singleplayer', 'third person']","['co op', 'multi player', 'online co op', 'online pvp', 'pvp', 'single player']",2025-02-07,,0.0,0
1245620,ELDEN RING,27,628710,Hell Warders,0.6344,0.6372,0.5418,1.0,"['action', 'rpg']","['3d', 'action', 'action rpg', 'co op', 'dark fantasy', 'family friendly', 'fantasy', 'multiplayer', 'online co op', 'rpg', 'souls like']","['co op', 'multi player', 'online co op', 'online pvp', 'pvp', 'single player']",2019-02-21,54.0,101.0,101
1245620,ELDEN RING,28,626690,Sword Art Online: Fatal Bullet,0.6343,1.0,0.4562,0.7371,"['action', 'rpg']","['action', 'character customization', 'co op', 'fantasy', 'great soundtrack', 'multiplayer', 'online co op', 'open world', 'rpg', 'singleplayer', 'third person']","['multi player', 'online pvp', 'pvp', 'single player']",2018-02-23,79.0,15143.0,15139
1245620,ELDEN RING,29,2344320,Legacy: Steel & Sorcery,0.628,0.7083,0.504,0.99,"['action', 'rpg']","['3d', 'action', 'action rpg', 'co op', 'fantasy', 'multiplayer', 'online co op', 'open world', 'pvp', 'rpg', 'souls like', 'third person']","['co op', 'multi player', 'online co op', 'online pvp', 'pvp']",2025-02-12,68.0,2078.0,2044
1245620,ELDEN RING,30,3440360,Digipunks 2069,0.6263,0.7411,0.4851,1.0,"['action', 'rpg']","['3d', 'action', 'action rpg', 'co op', 'multiplayer', 'online co op', 'pvp', 'rpg', 'singleplayer']","['co op', 'multi player', 'online co op', 'online pvp', 'pvp', 'single player']",2025-01-28,,0.0,0
1245620,ELDEN RING,31,240620,Wanderlust Adventures,0.6255,0.814,0.4533,1.0,"['action', 'rpg']","['action', 'action rpg', 'difficult', 'multiplayer', 'online co op', 'open world', 'rpg']","['co op', 'multi player', 'online co op', 'online pvp', 'pvp', 'single player']",2015-08-10,57.0,198.0,198
1245620,ELDEN RING,32,3476250,Atompunks 1969,0.6253,0.7411,0.4834,1.0,"['action', 'rpg']","['3d', 'action', 'action rpg', 'co op', 'multiplayer', 'online co op', 'pvp', 'rpg', 'singleplayer']","['co op', 'multi player', 'online co op', 'online pvp', 'pvp', 'single player']",2025-02-06,,0.0,0
1245620,ELDEN RING,33,2246340,Monster Hunter Wilds,0.6245,0.8633,0.5279,0.6132,"['action', 'rpg']","['action', 'action rpg', 'atmospheric', 'character customization', 'co op', 'fantasy', 'great soundtrack', 'multiplayer', 'online co op', 'open world', 'rpg', 'singleplayer', 'third person']","['co op', 'multi player', 'online co op', 'single player']",2025-02-27,62.0,94731.0,88048
1245620,ELDEN RING,34,475150,Titan Quest Anniversary Edition,0.6217,1.0,0.3696,1.0,"['action', 'rpg']","['action', 'action rpg', 'atmospheric', 'co op', 'fantasy', 'great soundtrack', 'multiplayer', 'open world', 'rpg', 'singleplayer']","['co op', 'multi player', 'online co op', 'online pvp', 'pvp', 'single player']",2016-08-31,91.0,23906.0,23836
1245620,ELDEN RING,35,1110910,Mortal Shell,0.6217,1.0,0.5842,0.141,"['action', 'rpg']","['action', 'action rpg', 'atmospheric', 'dark fantasy', 'difficult', 'multiplayer', 'open world', 'rpg', 'singleplayer', 'souls like', 'third person', 'violent']",['single player'],2021-08-18,69.0,7452.0,7447
1245620,ELDEN RING,36,680420,OUTRIDERS,0.6151,0.8633,0.5122,0.6132,"['action', 'rpg']","['action', 'character customization', 'co op', 'multiplayer', 'online co op', 'open world', 'rpg', 'singleplayer', 'souls like', 'third person', 'violent']","['co op', 'multi player', 'online co op', 'single player']",2021-04-01,66.0,45391.0,45391
1245620,ELDEN RING,37,794260,Outward Definitive Edition,0.6149,0.8196,0.5551,0.5129,['rpg'],"['atmospheric', 'co op', 'difficult', 'fantasy', 'multiplayer', 'online co op', 'open world', 'rpg', 'singleplayer', 'souls like', 'third person', 'violent']","['co op', 'multi player', 'online co op', 'single player']",2022-05-17,73.0,21866.0,21857
1245620,ELDEN RING,38,2585020,New Journey to the West,0.6134,0.814,0.4918,0.7653,"['action', 'rpg']","['3d', 'action', 'action rpg', 'character customization', 'co op', 'multiplayer', 'online co op', 'rpg', 'singleplayer', 'souls like', 'third person']","['co op', 'multi player', 'online co op']",2024-10-22,90.0,11.0,0
1245620,ELDEN RING,39,582010,Monster Hunter: World,0.6129,0.573,0.6361,0.5868,['action'],"['action', 'action rpg', 'atmospheric', 'character customization', 'co op', 'difficult', 'fantasy', 'great soundtrack', 'multiplayer', 'open world', 'rpg', 'singleplayer', 'souls like', 'third person']","['co op', 'multi player', 'single player']",2018-08-08,89.0,292907.0,296655
1245620,ELDEN RING,40,265300,Lords Of The Fallen™ 2014,0.6128,1.0,0.5695,0.141,"['action', 'rpg']","['action', 'action rpg', 'atmospheric', 'dark fantasy', 'difficult', 'fantasy', 'open world', 'rpg', 'singleplayer', 'souls like', 'third person', 'violent']",['single player'],2014-10-28,58.0,12685.0,12685
1245620,ELDEN RING,41,1149440,Dragon Marked For Death,0.6101,1.0,0.4056,0.7782,"['action', 'rpg']","['action', 'action rpg', 'co op', 'dark fantasy', 'fantasy', 'multiplayer', 'online co op', 'rpg', 'singleplayer']","['co op', 'multi player', 'online co op', 'single player']",2020-04-21,78.0,881.0,880
1245620,ELDEN RING,42,1206600,Almighty: Kill Your Gods,0.6085,0.7083,0.5245,0.7782,"['action', 'rpg']","['action', 'action rpg', 'atmospheric', 'co op', 'fantasy', 'multiplayer', 'online co op', 'open world', 'rpg', 'singleplayer', 'souls like', 'third person']","['co op', 'multi player', 'online co op', 'single player']",2021-05-05,64.0,310.0,310
1245620,ELDEN RING,43,3318670,Multiplayer Barbarians,0.6077,0.7411,0.4541,1.0,"['action', 'rpg']","['3d', 'action', 'co op', 'fantasy', 'multiplayer', 'online co op', 'pvp', 'rpg', 'singleplayer']","['co op', 'multi player', 'online co op', 'online pvp', 'pvp', 'single player']",2024-11-14,,0.0,0
1245620,ELDEN RING,44,1171690,Wayfinder,0.6063,0.8633,0.4562,0.7782,"['action', 'rpg']","['action', 'action rpg', 'atmospheric', 'co op', 'fantasy', 'multiplayer', 'online co op', 'open world', 'rpg', 'singleplayer', 'third person']","['co op', 'multi player', 'online co op', 'single player']",2024-10-21,58.0,23000.0,22995
1245620,ELDEN RING,45,438490,GOD EATER 2 Rage Burst,0.606,1.0,0.4466,0.5868,"['action', 'rpg']","['action', 'atmospheric', 'character customization', 'co op', 'great soundtrack', 'multiplayer', 'online co op', 'open world', 'rpg', 'singleplayer', 'third person']","['co op', 'multi player', 'single player']",2016-08-29,80.0,3316.0,3317
1245620,ELDEN RING,46,1925740,Sinderfury,0.6054,1.0,0.3423,1.0,"['action', 'rpg']","['3d', 'action', 'action rpg', 'dark fantasy', 'online co op', 'rpg', 'third person', 'violent']","['co op', 'multi player', 'online co op', 'online pvp', 'pvp', 'single player']",2024-06-02,59.0,27.0,0
1245620,ELDEN RING,47,1496790,Gotham Knights,0.6047,0.8633,0.4536,0.7782,"['action', 'rpg']","['action', 'action rpg', 'atmospheric', 'character customization', 'co op', 'multiplayer', 'online co op', 'open world', 'rpg', 'singleplayer', 'third person']","['co op', 'multi player', 'online co op', 'single player']",2022-10-21,68.0,14406.0,14386
1245620,ELDEN RING,48,471550,Nine Parchments,0.6015,1.0,0.4124,0.6938,"['action', 'rpg']","['action', 'action rpg', 'atmospheric', 'co op', 'fantasy', 'great soundtrack', 'multiplayer', 'online co op', 'rpg', 'singleplayer']","['co op', 'multi player', 'online co op', 'online pvp', 'pvp', 'single player']",2017-12-05,77.0,3792.0,3782
1245620,ELDEN RING,49,2530310,Gifted: The Tombs,0.5991,0.8223,0.4614,0.7782,"['action', 'rpg']","['3d', 'action', 'action rpg', 'co op', 'dark fantasy', 'fantasy', 'multiplayer', 'online co op', 'rpg', 'singleplayer', 'third person']","['co op', 'multi player', 'online co op', 'single player']",2024-06-19,,0.0,0
1245620,ELDEN RING,50,3049860,Multiplayer Survivors,0.5986,0.8196,0.4062,1.0,['rpg'],"['3d', 'co op', 'multiplayer', 'online co op', 'pvp', 'rpg', 'singleplayer']","['co op', 'multi player', 'online co op', 'online pvp', 'pvp', 'single player']",2024-06-28,,0.0,0
1174180,Red Dead Redemption 2,1,1404210,Red Dead Online,0.7675,1.0,0.615,0.99,"['action', 'adventure']","['action', 'adventure', 'first person', 'gore', 'horses', 'multiplayer', 'open world', 'realistic', 'shooter', 'singleplayer', 'story rich', 'third person shooter', 'western']","['co op', 'multi player', 'online co op', 'online pvp', 'pvp']",2020-12-01,83.0,56651.0,56631
1174180,Red Dead Redemption 2,2,271590,Grand Theft Auto V Legacy,0.6962,1.0,0.4936,1.0,"['action', 'adventure']","['action', 'adventure', 'atmospheric', 'first person', 'great soundtrack', 'mature', 'multiplayer', 'open world', 'sandbox', 'shooter', 'singleplayer', 'third person', 'third person shooter']","['co op', 'multi player', 'online co op', 'online pvp', 'pvp', 'single player']",2015-04-13,87.0,1803832.0,1803063
1174180,Red Dead Redemption 2,3,2176790,Furry Arena [18+],0.6325,1.0,0.0,1.0,"['action', 'adventure']",[],"['co op', 'multi player', 'online co op', 'online pvp', 'pvp', 'single player']",2022-12-01,66.0,512.0,512
1174180,Red Dead Redemption 2,4,287700,METAL GEAR SOLID V: THE PHANTOM PAIN,0.6286,1.0,0.5346,0.3858,"['action', 'adventure']","['action', 'adventure', 'atmospheric', 'great soundtrack', 'horses', 'multiplayer', 'open world', 'sandbox', 'shooter', 'singleplayer', 'story rich', 'third person', 'third person shooter']","['multi player', 'single player']",2015-09-01,91.0,65758.0,65711
1174180,Red Dead Redemption 2,5,360430,Mafia III: Definitive Edition,0.627,1.0,0.5931,0.141,"['action', 'adventure']","['action', 'adventure', 'atmospheric', 'fps', 'gore', 'great soundtrack', 'mature', 'multiplayer', 'open world', 'sandbox', 'shooter', 'singleplayer', 'story rich', 'third person', 'third person shooter']",['single player'],2020-05-19,57.0,33735.0,33730
1174180,Red Dead Redemption 2,6,447040,Watch_Dogs® 2,0.6136,1.0,0.4592,0.5868,"['action', 'adventure']","['action', 'adventure', 'atmospheric', 'fps', 'mature', 'multiplayer', 'open world', 'sandbox', 'shooter', 'singleplayer', 'story rich', 'third person', 'third person shooter']","['co op', 'multi player', 'single player']",2016-11-28,82.0,74558.0,74360
1174180,Red Dead Redemption 2,7,235600,Tom Clancy’s Splinter Cell Blacklist,0.6111,1.0,0.4551,0.5868,"['action', 'adventure']","['action', 'adventure', 'atmospheric', 'first person', 'fps', 'mature', 'multiplayer', 'shooter', 'singleplayer', 'story rich', 'third person', 'third person shooter']","['co op', 'multi player', 'single player']",2013-08-20,80.0,17277.0,17265
1174180,Red Dead Redemption 2,8,1938090,Call of Duty®,0.6096,0.6999,0.5108,0.8544,['action'],"['action', 'atmospheric', 'first person', 'fps', 'gore', 'mature', 'multiplayer', 'realistic', 'shooter', 'singleplayer', 'story rich', 'third person', 'third person shooter']","['co op', 'multi player', 'online co op', 'online pvp', 'pvp', 'single player']",2022-10-27,55.0,379855.0,379597
1174180,Red Dead Redemption 2,9,904590,Arcade LA Deadzone,0.6079,1.0,0.0,0.8964,"['action', 'adventure']",[],"['co op', 'multi player', 'online co op', 'online pvp']",2019-02-27,,0.0,0
1174180,Red Dead Redemption 2,10,312660,Sniper Elite 4,0.6076,1.0,0.4493,0.5868,"['action', 'adventure']","['action', 'adventure', 'first person', 'fps', 'gore', 'mature', 'multiplayer', 'open world', 'shooter', 'singleplayer', 'third person', 'third person shooter']","['co op', 'multi player', 'single player']",2017-02-13,91.0,50473.0,50468
1174180,Red Dead Redemption 2,11,2231380,Tom Clancy's Ghost Recon® Breakpoint,0.6045,1.0,0.3963,0.7782,"['action', 'adventure']","['action', 'adventure', 'fps', 'gore', 'multiplayer', 'open world', 'realistic', 'shooter', 'singleplayer', 'third person', 'third person shooter']","['co op', 'multi player', 'online co op', 'single player']",2023-01-23,72.0,27254.0,26526
1174180,Red Dead Redemption 2,12,914290,Welcome to Princeland,0.6044,0.8263,0.4131,1.0,"['action', 'adventure']","['action', 'adventure', 'gore', 'multiplayer', 'open world', 'third person shooter']","['co op', 'multi player', 'online co op', 'online pvp', 'pvp', 'single player']",2018-11-09,77.0,302.0,302
1174180,Red Dead Redemption 2,13,460930,Tom Clancy's Ghost Recon® Wildlands,0.6022,1.0,0.4404,0.5868,"['action', 'adventure']","['action', 'adventure', 'atmospheric', 'first person', 'fps', 'multiplayer', 'open world', 'sandbox', 'shooter', 'singleplayer', 'third person', 'third person shooter']","['co op', 'multi player', 'single player']",2017-03-06,80.0,80950.0,80683
1174180,Red Dead Redemption 2,14,2840770,Avatar: Frontiers of Pandora™,0.5921,1.0,0.3755,0.7782,"['action', 'adventure']","['action', 'adventure', 'atmospheric', 'beautiful', 'first person', 'multiplayer', 'open world', 'shooter', 'singleplayer', 'story rich']","['co op', 'multi player', 'online co op', 'single player']",2024-06-17,67.0,3082.0,3005
1174180,Red Dead Redemption 2,15,1860550,Space Quest: 2099,0.5907,0.8944,0.0,1.0,"['action', 'adventure']",[],"['co op', 'multi player', 'online co op', 'online pvp', 'pvp', 'single player']",2022-01-25,91.0,146.0,0
1174180,Red Dead Redemption 2,16,222480,Resident Evil Revelations,0.5831,1.0,0.4085,0.5868,"['action', 'adventure']","['action', 'adventure', 'atmospheric', 'gore', 'great soundtrack', 'multiplayer', 'shooter', 'singleplayer', 'story rich', 'third person', 'third person shooter']","['co op', 'multi player', 'single player']",2013-05-20,82.0,9235.0,9234
1174180,Red Dead Redemption 2,17,257420,Serious Sam 4,0.5804,0.8944,0.4001,0.7782,"['action', 'adventure']","['action', 'adventure', 'first person', 'fps', 'gore', 'great soundtrack', 'multiplayer', 'open world', 'shooter', 'singleplayer', 'third person shooter']","['co op', 'multi player', 'online co op', 'single player']",2020-09-24,83.0,13964.0,13954
1174180,Red Dead Redemption 2,18,1630880,Sweeping the Ruins,0.5799,1.0,0.0,0.7782,"['action', 'adventure']",[],"['co op', 'multi player', 'online co op', 'single player']",2021-08-01,77.0,22.0,0
1174180,Red Dead Redemption 2,19,2513810,The Forest of Conx,0.5799,1.0,0.0,0.7782,"['action', 'adventure']",[],"['co op', 'multi player', 'online co op', 'single player']",2023-08-05,88.0,25.0,0
1174180,Red Dead Redemption 2,20,2592070,Roguevive: Prelude,0.5799,1.0,0.0,0.7782,"['action', 'adventure']",[],"['co op', 'multi player', 'online co op', 'single player']",2023-09-28,82.0,51.0,0
1174180,Red Dead Redemption 2,21,3524700,Anomaly Living,0.5799,1.0,0.0,0.7782,"['action', 'adventure']",[],"['co op', 'multi player', 'online co op', 'single player']",2025-03-10,,0.0,0
1174180,Red Dead Redemption 2,22,501590,Bulletstorm: Full Clip Edition,0.5798,1.0,0.3551,0.7782,"['action', 'adventure']","['action', 'adventure', 'atmospheric', 'first person', 'fps', 'gore', 'great soundtrack', 'multiplayer', 'shooter', 'singleplayer', 'story rich']","['co op', 'multi player', 'online co op', 'single player']",2017-04-07,88.0,6658.0,6596
1174180,Red Dead Redemption 2,23,2588180,Dead Past 8,0.5794,0.605,0.4661,0.99,"['action', 'adventure']","['action', 'adventure', 'gore', 'multiplayer', 'open world', 'realistic', 'sandbox', 'shooter', 'third person', 'third person shooter']","['co op', 'multi player', 'online co op', 'online pvp', 'pvp']",2023-10-18,,0.0,0
1174180,Red Dead Redemption 2,24,1029690,Sniper Elite 5,0.5772,1.0,0.3317,0.8544,"['action', 'adventure']","['action', 'adventure', 'fps', 'gore', 'multiplayer', 'open world', 'shooter', 'singleplayer', 'third person', 'third person shooter']","['co op', 'multi player', 'online co op', 'online pvp', 'pvp', 'single player']",2022-05-25,83.0,16813.0,16725
1174180,Red Dead Redemption 2,25,1570340,Dawn of the Falkonir,0.5768,1.0,0.0,0.7653,"['action', 'adventure']",[],"['co op', 'multi player', 'online co op']",2021-05-05,55.0,38.0,0
1174180,Red Dead Redemption 2,26,2239550,Watch Dogs®: Legion,0.5747,1.0,0.2911,1.0,"['action', 'adventure']","['action', 'adventure', 'multiplayer', 'open world', 'realistic', 'shooter', 'singleplayer', 'third person', 'third person shooter']","['co op', 'multi player', 'online co op', 'online pvp', 'pvp', 'single player']",2023-01-26,57.0,9222.0,9192
1174180,Red Dead Redemption 2,27,2737430,Exotic Fighter,0.5701,1.0,0.0,0.7371,"['action', 'adventure']",[],"['multi player', 'online pvp', 'pvp', 'single player']",2024-02-01,,0.0,0
1174180,Red Dead Redemption 2,28,1962660,Call of Duty®: Modern Warfare® II,0.5675,0.6999,0.4406,0.8544,['action'],"['action', 'atmospheric', 'first person', 'fps', 'gore', 'multiplayer', 'realistic', 'shooter', 'singleplayer', 'story rich', 'third person', 'third person shooter']","['co op', 'multi player', 'online co op', 'online pvp', 'pvp', 'single player']",2022-10-27,21.0,6919.0,6914
1174180,Red Dead Redemption 2,29,292730,Call of Duty®: Infinite Warfare,0.5669,1.0,0.2782,1.0,"['action', 'adventure']","['action', 'adventure', 'atmospheric', 'first person', 'fps', 'great soundtrack', 'multiplayer', 'shooter', 'singleplayer', 'story rich']","['co op', 'multi player', 'online co op', 'online pvp', 'pvp', 'single player']",2016-11-03,62.0,15585.0,15577
1174180,Red Dead Redemption 2,30,1860090,Pirates Of Heaven,0.5669,1.0,0.0,0.7235,"['action', 'adventure']",[],"['multi player', 'online pvp', 'pvp']",2023-12-18,35.0,31.0,0
1174180,Red Dead Redemption 2,31,1751350,Wild Indigo Ranch,0.5657,0.8944,0.3756,0.7782,"['action', 'adventure']","['adventure', 'atmospheric', 'horses', 'open world', 'sandbox', 'story rich', 'western']","['co op', 'multi player', 'online co op', 'single player']",2024-09-18,70.0,378.0,377
1174180,Red Dead Redemption 2,32,2369390,Far Cry® 6,0.5651,1.0,0.3306,0.7782,"['action', 'adventure']","['action', 'adventure', 'atmospheric', 'first person', 'fps', 'multiplayer', 'open world', 'sandbox', 'shooter', 'singleplayer']","['co op', 'multi player', 'online co op', 'single player']",2023-05-11,71.0,23932.0,23886
1174180,Red Dead Redemption 2,33,238090,Sniper Elite 3,0.5641,1.0,0.3768,0.5868,"['action', 'adventure']","['action', 'adventure', 'atmospheric', 'fps', 'gore', 'multiplayer', 'open world', 'shooter', 'singleplayer', 'third person', 'third person shooter']","['co op', 'multi player', 'single player']",2014-06-27,82.0,20197.0,20189
1174180,Red Dead Redemption 2,34,434730,Half Dead,0.5614,1.0,0.269,1.0,"['action', 'adventure']","['action', 'adventure', 'atmospheric', 'first person', 'gore', 'multiplayer', 'open world', 'singleplayer']","['co op', 'multi player', 'online co op', 'online pvp', 'pvp', 'single player']",2016-08-01,78.0,2678.0,2678
1174180,Red Dead Redemption 2,35,1795180,Ice Station Z,0.5599,0.8944,0.3105,1.0,"['action', 'adventure']","['action', 'adventure', 'atmospheric', 'open world', 'realistic', 'sandbox', 'third person', 'third person shooter']","['co op', 'multi player', 'online co op', 'online pvp', 'pvp', 'single player']",2021-12-02,74.0,149.0,148
1174180,Red Dead Redemption 2,36,1476290,Welcome To Graystone,0.5596,0.8944,0.3101,1.0,"['action', 'adventure']","['action', 'adventure', 'atmospheric', 'open world', 'realistic', 'sandbox', 'third person', 'third person shooter']","['co op', 'multi player', 'online co op', 'online pvp', 'pvp', 'single player']",2021-07-20,,0.0,0
1174180,Red Dead Redemption 2,37,434050,Duke Nukem 3D: 20th Anniversary World Tour,0.5595,1.0,0.2659,1.0,"['action', 'adventure']","['action', 'adventure', 'first person', 'fps', 'gore', 'great soundtrack', 'multiplayer', 'shooter', 'singleplayer']","['co op', 'multi player', 'online co op', 'online pvp', 'pvp', 'single player']",2016-10-11,85.0,4510.0,4478
1174180,Red Dead Redemption 2,38,552520,Far Cry® 5,0.5545,1.0,0.3129,0.7782,"['action', 'adventure']","['action', 'adventure', 'atmospheric', 'first person', 'fps', 'multiplayer', 'open world', 'realistic', 'shooter', 'story rich']","['co op', 'multi player', 'online co op', 'single player']",2018-03-26,80.0,154338.0,154238
1174180,Red Dead Redemption 2,39,301910,Saints Row: Gat out of Hell,0.5528,0.6999,0.483,0.5868,['action'],"['action', 'adventure', 'atmospheric', 'gore', 'mature', 'multiplayer', 'open world', 'sandbox', 'shooter', 'singleplayer', 'third person', 'third person shooter']","['co op', 'multi player', 'single player']",2015-01-20,75.0,7487.0,7488
1174180,Red Dead Redemption 2,40,1030840,Mafia: Definitive Edition,0.5524,1.0,0.4688,0.141,"['action', 'adventure']","['action', 'adventure', 'atmospheric', 'gore', 'great soundtrack', 'mature', 'multiplayer', 'open world', 'shooter', 'singleplayer', 'story rich', 'third person', 'third person shooter']",['single player'],2020-09-24,86.0,69056.0,68680
1174180,Red Dead Redemption 2,41,1922980,Xheres,0.5518,0.8944,0.3524,0.7782,"['action', 'adventure']","['action', 'adventure', 'first person', 'fps', 'multiplayer', 'realistic', 'shooter', 'singleplayer', 'third person', 'third person shooter']","['co op', 'multi player', 'online co op', 'single player']",2024-11-20,,0.0,0
1174180,Red Dead Redemption 2,42,816090,Space Hulk: Deathwing Enhanced Edition,0.5517,1.0,0.3083,0.7782,"['action', 'adventure']","['action', 'adventure', 'atmospheric', 'first person', 'fps', 'gore', 'mature', 'multiplayer', 'shooter', 'singleplayer']","['co op', 'multi player', 'online co op', 'single player']",2018-05-22,72.0,8146.0,8137
1174180,Red Dead Redemption 2,43,289650,Assassin's Creed® Unity,0.5513,1.0,0.3554,0.5868,"['action', 'adventure']","['action', 'adventure', 'atmospheric', 'beautiful', 'great soundtrack', 'multiplayer', 'open world', 'singleplayer', 'story rich', 'third person']","['co op', 'multi player', 'single player']",2014-11-11,78.0,66586.0,66482
1174180,Red Dead Redemption 2,44,529910,ARK Park,0.5512,1.0,0.3176,0.7377,"['action', 'adventure']","['action', 'adventure', 'first person', 'fps', 'multiplayer', 'open world', 'shooter', 'singleplayer']","['co op', 'multi player', 'online co op', 'online pvp', 'pvp', 'single player']",2018-03-21,45.0,383.0,379
1174180,Red Dead Redemption 2,45,45770,Dead Rising 2: Off the Record,0.5509,1.0,0.3548,0.5868,"['action', 'adventure']","['action', 'adventure', 'atmospheric', 'gore', 'great soundtrack', 'multiplayer', 'open world', 'sandbox', 'singleplayer', 'third person']","['co op', 'multi player', 'single player']",2011-10-11,77.0,2477.0,2472
1174180,Red Dead Redemption 2,46,275850,No Man's Sky,0.5469,1.0,0.2812,0.8544,"['action', 'adventure']","['action', 'adventure', 'atmospheric', 'first person', 'fps', 'multiplayer', 'open world', 'sandbox', 'singleplayer']","['co op', 'multi player', 'online co op', 'online pvp', 'pvp', 'single player']",2016-08-12,81.0,262130.0,262068
1174180,Red Dead Redemption 2,47,342180,Arizona Sunshine®,0.5461,0.8944,0.2875,1.0,"['action', 'adventure']","['action', 'adventure', 'first person', 'fps', 'gore', 'multiplayer', 'open world', 'shooter', 'singleplayer']","['co op', 'multi player', 'online co op', 'online pvp', 'pvp', 'single player']",2016-12-06,80.0,7423.0,7423
1174180,Red Dead Redemption 2,48,298110,Far Cry® 4,0.5459,1.0,0.3465,0.5868,"['action', 'adventure']","['action', 'adventure', 'atmospheric', 'first person', 'fps', 'multiplayer', 'open world', 'sandbox', 'shooter', 'singleplayer', 'story rich']","['co op', 'multi player', 'single player']",2014-11-17,84.0,54699.0,54592
1174180,Red Dead Redemption 2,49,220240,Far Cry 3,0.5452,1.0,0.3453,0.5868,"['action', 'adventure']","['action', 'adventure', 'atmospheric', 'first person', 'fps', 'multiplayer', 'open world', 'sandbox', 'shooter', 'singleplayer', 'story rich']","['co op', 'multi player', 'single player']",2012-12-04,89.0,100711.0,100438
1174180,Red Dead Redemption 2,50,3200020,Gengu Survival,0.5427,0.8944,0.3374,0.7782,"['action', 'adventure']","['action', 'adventure', 'first person', 'fps', 'multiplayer', 'open world', 'realistic', 'sandbox', 'shooter', 'singleplayer']","['co op', 'multi player', 'online co op', 'single player']",2024-10-09,,0.0,0
578080,PUBG: BATTLEGROUNDS,1,994200,天际起源 The Ark of Horizon,0.8334,1.0,0.7223,1.0,"['action', 'adventure', 'free to play', 'massively multiplayer']","['action', 'battle royale', 'co op', 'competitive', 'early access', 'fps', 'multiplayer', 'pvp', 'shooter', 'survival', 'tactical', 'team based', 'third person shooter']","['multi player', 'online pvp', 'pvp']",2019-03-13,52.0,671.0,0
578080,PUBG: BATTLEGROUNDS,2,779610,DEATH FIELD: The Battle Royale of Disaster,0.81,0.7322,0.8414,0.814,"['action', 'adventure', 'massively multiplayer']","['action', 'battle royale', 'co op', 'competitive', 'difficult', 'early access', 'first person', 'fps', 'multiplayer', 'online co op', 'pvp', 'shooter', 'survival', 'team based', 'third person', 'third person shooter']","['multi player', 'online pvp']",2018-05-03,26.0,152.0,152
578080,PUBG: BATTLEGROUNDS,3,433850,Z1 Battle Royale,0.747,1.0,0.5784,1.0,"['action', 'adventure', 'free to play', 'massively multiplayer']","['action', 'battle royale', 'co op', 'early access', 'first person', 'fps', 'multiplayer', 'online co op', 'pvp', 'shooter', 'survival', 'third person shooter']","['multi player', 'online pvp', 'pvp']",2018-02-28,55.0,204340.0,144242
578080,PUBG: BATTLEGROUNDS,4,1000500,The Undisputables : Online Multiplayer Shooter,0.7178,0.7731,0.7196,0.6181,"['action', 'massively multiplayer']","['action', 'battle royale', 'co op', 'competitive', 'first person', 'fps', 'multiplayer', 'online co op', 'pvp', 'shooter', 'tactical', 'team based', 'third person', 'third person shooter']","['multi player', 'online pvp', 'pvp']",2021-12-05,80.0,15.0,0
578080,PUBG: BATTLEGROUNDS,5,731250,ExoTanks,0.7121,0.9533,0.6422,0.5897,"['action', 'free to play', 'massively multiplayer']","['action', 'co op', 'competitive', 'early access', 'first person', 'fps', 'multiplayer', 'online co op', 'pvp', 'shooter', 'strategy', 'tactical', 'team based', 'third person shooter']","['multi player', 'online pvp', 'pvp']",2020-12-20,66.0,183.0,0
578080,PUBG: BATTLEGROUNDS,6,2262200,FUBG: FIGHT UNKNOWN BATTLEGROUND,0.7004,0.8298,0.6752,0.5853,"['action', 'adventure', 'massively multiplayer']","['action', 'battle royale', 'early access', 'first person', 'fps', 'multiplayer', 'pvp', 'shooter', 'stealth', 'survival', 'tactical', 'third person', 'third person shooter']","['multi player', 'pvp']",2024-05-25,,0.0,0
578080,PUBG: BATTLEGROUNDS,7,439370,Midair,0.6997,0.9307,0.5284,1.0,"['action', 'free to play', 'massively multiplayer']","['action', 'co op', 'competitive', 'early access', 'first person', 'fps', 'multiplayer', 'online co op', 'shooter', 'survival', 'team based']","['multi player', 'online pvp', 'pvp']",2018-05-03,55.0,848.0,0
578080,PUBG: BATTLEGROUNDS,8,2645030,Chapter Wars,0.6956,0.7997,0.5808,0.9815,"['action', 'massively multiplayer']","['action', 'battle royale', 'co op', 'first person', 'fps', 'multiplayer', 'online co op', 'pvp', 'shooter', 'survival', 'tactical', 'team based']","['multi player', 'online pvp', 'pvp']",2023-11-17,100.0,10.0,0
578080,PUBG: BATTLEGROUNDS,9,1121710,Total Lockdown,0.6829,0.8298,0.5425,1.0,"['action', 'adventure', 'massively multiplayer']","['action', 'battle royale', 'competitive', 'fps', 'multiplayer', 'shooter', 'survival', 'third person shooter']","['multi player', 'online pvp', 'pvp']",2020-03-25,76.0,713.0,713
578080,PUBG: BATTLEGROUNDS,10,879160,Battlerite Royale,0.671,0.9533,0.4757,0.9815,"['action', 'free to play', 'massively multiplayer']","['action', 'battle royale', 'competitive', 'early access', 'multiplayer', 'online co op', 'pvp', 'survival']","['multi player', 'online pvp', 'pvp']",2019-02-19,74.0,8202.0,3367
578080,PUBG: BATTLEGROUNDS,11,544920,Darwin Project,0.6581,0.5632,0.6121,1.0,"['action', 'free to play']","['action', 'battle royale', 'co op', 'early access', 'fps', 'multiplayer', 'pvp', 'shooter', 'strategy', 'survival', 'third person', 'third person shooter']","['multi player', 'online pvp', 'pvp']",2020-01-13,81.0,18410.0,1390
578080,PUBG: BATTLEGROUNDS,12,506540,Last Man Standing,0.657,0.9069,0.5873,0.5194,"['action', 'adventure', 'free to play', 'massively multiplayer']","['action', 'battle royale', 'co op', 'first person', 'fps', 'multiplayer', 'pvp', 'shooter', 'strategy', 'survival', 'third person', 'third person shooter']","['multi player', 'online pvp']",2017-03-29,34.0,55.0,0
578080,PUBG: BATTLEGROUNDS,13,218230,PlanetSide 2,0.6464,0.9533,0.5017,0.7135,"['action', 'free to play', 'massively multiplayer']","['action', 'co op', 'first person', 'fps', 'multiplayer', 'online co op', 'pvp', 'shooter', 'strategy', 'tactical', 'team based']","['multi player', 'online pvp', 'pvp']",2012-11-20,81.0,73312.0,582
578080,PUBG: BATTLEGROUNDS,14,783770,Ironsight,0.6446,0.5974,0.6201,0.8215,"['action', 'free to play']","['action', 'battle royale', 'co op', 'competitive', 'first person', 'fps', 'multiplayer', 'online co op', 'pvp', 'shooter', 'strategy', 'team based']","['multi player', 'online pvp', 'pvp']",2019-06-19,72.0,22325.0,0
578080,PUBG: BATTLEGROUNDS,15,684130,Desert Strait: Operation Online,0.6359,0.6456,0.5454,0.9815,"['action', 'massively multiplayer']","['action', 'first person', 'fps', 'online co op', 'pvp', 'shooter', 'simulation', 'strategy', 'tactical', 'team based']","['multi player', 'online pvp', 'pvp']",2017-08-17,38.0,26.0,0
578080,PUBG: BATTLEGROUNDS,16,1427640,All-Time Battle,0.6297,0.8233,0.4565,1.0,"['action', 'free to play', 'massively multiplayer']","['action', 'battle royale', 'early access', 'first person', 'fps', 'pvp', 'shooter', 'tactical', 'team based']","['multi player', 'online pvp', 'pvp']",2020-10-24,41.0,36.0,0
578080,PUBG: BATTLEGROUNDS,17,1473480,A.V.A Global,0.6286,0.9533,0.4004,1.0,"['action', 'free to play', 'massively multiplayer']","['action', 'co op', 'competitive', 'first person', 'fps', 'multiplayer', 'online co op', 'pvp', 'shooter', 'strategy']","['multi player', 'online pvp', 'pvp']",2022-08-23,47.0,7546.0,0
578080,PUBG: BATTLEGROUNDS,18,291480,Warface: Clutch,0.6281,0.9533,0.5013,0.5937,"['action', 'free to play', 'massively multiplayer']","['action', 'co op', 'competitive', 'first person', 'fps', 'multiplayer', 'online co op', 'pvp', 'shooter', 'tactical', 'team based']","['multi player', 'online pvp', 'pvp']",2014-07-01,66.0,82215.0,922
578080,PUBG: BATTLEGROUNDS,19,390340,Umbrella Corps,0.6279,0.2959,0.6778,0.9815,['action'],"['action', 'co op', 'competitive', 'first person', 'fps', 'multiplayer', 'pvp', 'shooter', 'survival', 'tactical', 'team based', 'third person', 'third person shooter']","['multi player', 'online pvp', 'pvp']",2016-06-21,37.0,1146.0,1146
578080,PUBG: BATTLEGROUNDS,20,1170940,Outerstellar,0.6263,0.8233,0.4507,1.0,"['action', 'free to play', 'massively multiplayer']","['action', 'early access', 'fps', 'multiplayer', 'pvp', 'shooter', 'survival', 'team based', 'third person', 'third person shooter']","['multi player', 'online pvp', 'pvp']",2023-11-16,78.0,118.0,0
578080,PUBG: BATTLEGROUNDS,21,611020,CityBattle | Virtual Earth,0.6253,0.9533,0.395,1.0,"['action', 'free to play', 'massively multiplayer']","['action', 'co op', 'competitive', 'first person', 'fps', 'multiplayer', 'shooter', 'team based']","['multi player', 'online pvp', 'pvp']",2018-10-02,66.0,1515.0,0
578080,PUBG: BATTLEGROUNDS,22,2940700,Bagel,0.6249,0.7731,0.5368,0.7308,"['action', 'massively multiplayer']","['action', 'battle royale', 'co op', 'competitive', 'multiplayer', 'online co op', 'pvp', 'tactical', 'third person']","['multi player', 'online pvp', 'pvp']",2024-05-14,,0.0,0
578080,PUBG: BATTLEGROUNDS,23,2051500,Soak & Splash,0.6239,0.9784,0.0,1.0,"['action', 'adventure', 'free to play', 'massively multiplayer']",[],"['multi player', 'online pvp', 'pvp']",2024-02-04,89.0,1413.0,0
578080,PUBG: BATTLEGROUNDS,24,1375300,POLAR,0.6232,0.7731,0.5339,0.7308,"['action', 'massively multiplayer']","['action', 'co op', 'first person', 'fps', 'multiplayer', 'online co op', 'pvp', 'shooter', 'survival', 'tactical', 'team based']","['multi player', 'online pvp', 'pvp']",2020-08-31,,0.0,0
578080,PUBG: BATTLEGROUNDS,25,1049800,BLOCKADE,0.6224,0.9307,0.3996,1.0,"['action', 'free to play', 'massively multiplayer']","['action', 'co op', 'early access', 'first person', 'fps', 'multiplayer', 'shooter', 'survival', 'team based']","['multi player', 'online pvp', 'pvp']",2019-05-21,74.0,11444.0,0
578080,PUBG: BATTLEGROUNDS,26,374280,Hired Ops,0.6201,0.9533,0.3864,1.0,"['action', 'free to play', 'massively multiplayer']","['action', 'battle royale', 'co op', 'early access', 'first person', 'fps', 'multiplayer', 'pvp', 'shooter']","['multi player', 'online pvp', 'pvp']",2021-04-13,67.0,15546.0,2565
578080,PUBG: BATTLEGROUNDS,27,905640,Combat Arms: Reloaded,0.6175,0.8153,0.4441,0.9815,"['action', 'free to play', 'massively multiplayer']","['action', 'battle royale', 'first person', 'fps', 'multiplayer', 'shooter', 'simulation', 'strategy', 'survival']","['multi player', 'online pvp', 'pvp']",2018-10-31,55.0,2974.0,0
578080,PUBG: BATTLEGROUNDS,28,1280100,Element Battle Royale,0.6172,0.8603,0.4876,0.7308,"['action', 'free to play', 'massively multiplayer']","['action', 'battle royale', 'co op', 'first person', 'fps', 'multiplayer', 'online co op', 'pvp', 'simulation', 'survival', 'third person shooter']","['multi player', 'online pvp', 'pvp']",2020-04-23,61.0,91.0,0
578080,PUBG: BATTLEGROUNDS,29,2470740,Worldwide Battle Royale,0.617,0.9609,0.0,1.0,"['action', 'adventure', 'free to play', 'massively multiplayer']",[],"['multi player', 'online pvp', 'pvp']",2023-07-25,54.0,35.0,0
578080,PUBG: BATTLEGROUNDS,30,915320,Pixel Strike 3D,0.6157,0.5467,0.6176,0.7235,"['action', 'adventure', 'free to play']","['action', 'battle royale', 'co op', 'competitive', 'first person', 'fps', 'multiplayer', 'online co op', 'pvp', 'shooter', 'tactical', 'team based']","['multi player', 'online pvp', 'pvp']",2020-05-29,73.0,12549.0,0
578080,PUBG: BATTLEGROUNDS,31,2890270,Warfare : Battleground™,0.6149,0.9307,0.4543,0.7308,"['action', 'free to play', 'massively multiplayer']","['action', 'co op', 'first person', 'fps', 'multiplayer', 'online co op', 'pvp', 'shooter', 'team based']","['multi player', 'online pvp', 'pvp']",2024-04-30,50.0,30.0,0
578080,PUBG: BATTLEGROUNDS,32,1588540,Special Force Legion of Monsters,0.614,0.9533,0.0,1.0,"['action', 'free to play', 'massively multiplayer']",[],"['multi player', 'online pvp', 'pvp']",2024-02-28,36.0,22.0,0
578080,PUBG: BATTLEGROUNDS,33,1797880,Lost Light,0.614,0.9533,0.0,1.0,"['action', 'free to play', 'massively multiplayer']",[],"['multi player', 'online pvp', 'pvp']",2022-09-01,57.0,24779.0,0
578080,PUBG: BATTLEGROUNDS,34,1860150,Operation8 Project,0.614,0.9533,0.0,1.0,"['action', 'free to play', 'massively multiplayer']",[],"['multi player', 'online pvp', 'pvp']",2022-06-16,63.0,41.0,0
578080,PUBG: BATTLEGROUNDS,35,2677640,Peasant Royale,0.614,0.9533,0.0,1.0,"['action', 'free to play', 'massively multiplayer']",[],"['multi player', 'online pvp', 'pvp']",2023-12-29,71.0,295.0,0
578080,PUBG: BATTLEGROUNDS,36,884660,CRSED: Cuisine Royale,0.6137,0.9533,0.4489,0.7067,"['action', 'free to play', 'massively multiplayer']","['action', 'battle royale', 'first person', 'fps', 'multiplayer', 'pvp', 'shooter', 'survival', 'third person', 'third person shooter']","['multi player', 'online pvp', 'pvp']",2018-06-15,78.0,38530.0,0
578080,PUBG: BATTLEGROUNDS,37,809960,Radical Heights,0.6136,0.8738,0.455,0.814,"['action', 'adventure', 'free to play', 'massively multiplayer']","['action', 'battle royale', 'co op', 'early access', 'fps', 'multiplayer', 'pvp', 'shooter', 'survival', 'third person shooter']","['multi player', 'online pvp']",2018-04-10,61.0,9805.0,0
578080,PUBG: BATTLEGROUNDS,38,3075390,CZO Online,0.6118,0.8517,0.4194,0.9815,"['action', 'adventure', 'free to play', 'massively multiplayer']","['action', 'battle royale', 'first person', 'fps', 'pvp', 'shooter', 'tactical', 'third person', 'third person shooter']","['multi player', 'online pvp', 'pvp']",2024-11-27,36.0,11.0,0
578080,PUBG: BATTLEGROUNDS,39,1417490,Fractal Fury,0.6107,0.9307,0.4582,0.6871,"['action', 'free to play', 'massively multiplayer']","['action', 'battle royale', 'multiplayer', 'pvp', 'shooter', 'third person', 'third person shooter']","['multi player', 'online pvp', 'pvp']",2021-04-04,73.0,146.0,0
578080,PUBG: BATTLEGROUNDS,40,3515210,Wasteland Rangers,0.6096,0.9533,0.0,0.9815,"['action', 'free to play', 'massively multiplayer']",[],"['multi player', 'online pvp', 'pvp']",2025-03-07,95.0,22.0,0
578080,PUBG: BATTLEGROUNDS,41,3255310,Spellbound Stumble,0.6094,0.9417,0.0,1.0,"['action', 'adventure', 'free to play', 'massively multiplayer']",[],"['multi player', 'online pvp', 'pvp']",2024-11-20,,0.0,0
578080,PUBG: BATTLEGROUNDS,42,3041160,Cats And Mice,0.6079,0.1389,0.71,0.9815,['action'],"['action', 'battle royale', 'early access', 'multiplayer', 'online co op', 'pvp', 'shooter', 'tactical', 'team based', 'third person', 'third person shooter']","['multi player', 'online pvp', 'pvp']",2024-07-09,,0.0,0
578080,PUBG: BATTLEGROUNDS,43,2551030,The Balls,0.6066,0.5632,0.5264,1.0,"['action', 'free to play']","['action', 'battle royale', 'competitive', 'first person', 'fps', 'multiplayer', 'pvp', 'shooter']","['multi player', 'online pvp', 'pvp']",2024-01-06,66.0,24.0,0
578080,PUBG: BATTLEGROUNDS,44,1557990,Retail Royale,0.6063,0.7102,0.5319,0.7308,"['action', 'massively multiplayer']","['action', 'battle royale', 'co op', 'first person', 'fps', 'multiplayer', 'pvp', 'shooter', 'strategy', 'tactical', 'team based']","['multi player', 'online pvp', 'pvp']",2023-05-06,77.0,44.0,0
578080,PUBG: BATTLEGROUNDS,45,1788620,Task Force 88: Hostile Contact,0.6063,0.7731,0.5165,0.6871,"['action', 'massively multiplayer']","['action', 'competitive', 'first person', 'fps', 'multiplayer', 'pvp', 'shooter', 'team based', 'third person', 'third person shooter']","['multi player', 'online pvp', 'pvp']",2021-11-08,,0.0,0
578080,PUBG: BATTLEGROUNDS,46,1869430,Gunslinger Valley,0.6051,0.9307,0.0,1.0,"['action', 'free to play', 'massively multiplayer']",[],"['multi player', 'online pvp', 'pvp']",2022-01-21,64.0,17.0,0
578080,PUBG: BATTLEGROUNDS,47,2402450,Zero Grounds,0.6051,0.9307,0.0,1.0,"['action', 'free to play', 'massively multiplayer']",[],"['multi player', 'online pvp', 'pvp']",2024-01-25,65.0,178.0,0
578080,PUBG: BATTLEGROUNDS,48,2833930,QuickSwitch,0.6051,0.9307,0.0,1.0,"['action', 'free to play', 'massively multiplayer']",[],"['multi player', 'online pvp', 'pvp']",2025-01-09,,0.0,0
578080,PUBG: BATTLEGROUNDS,49,867400,Out of Reach: Treasure Royale,0.603,0.7997,0.4891,0.7308,"['action', 'massively multiplayer']","['action', 'battle royale', 'co op', 'first person', 'fps', 'multiplayer', 'pvp', 'shooter', 'simulation', 'survival', 'tactical', 'team based']","['multi player', 'online pvp', 'pvp']",2020-10-14,59.0,317.0,317
578080,PUBG: BATTLEGROUNDS,50,2631910,TNMverse VIP,0.6016,0.7731,0.4352,0.9815,"['action', 'massively multiplayer']","['action', 'battle royale', 'multiplayer', 'pvp', 'shooter', 'third person', 'third person shooter']","['multi player', 'online pvp', 'pvp']",2023-11-20,,0.0,0
812140,Assassin's Creed® Odyssey,1,582160,Assassin's Creed® Origins,0.7866,1.0,0.6444,1.0,"['action', 'adventure', 'rpg']","['action', 'action rpg', 'adventure', 'assassin', 'exploration', 'historical', 'multiplayer', 'open world', 'parkour', 'rpg', 'singleplayer', 'stealth', 'story rich', 'third person']",['single player'],2017-10-26,85.0,102363.0,102229
812140,Assassin's Creed® Odyssey,2,3035570,Assassin's Creed Mirage,0.7804,0.7067,0.7562,1.0,"['action', 'adventure']","['action', 'action adventure', 'action rpg', 'adventure', 'assassin', 'historical', 'open world', 'parkour', 'rpg', 'singleplayer', 'stealth', 'story rich', 'third person']",['single player'],2024-10-17,74.0,5886.0,5767
812140,Assassin's Creed® Odyssey,3,2208920,Assassin's Creed Valhalla,0.7566,1.0,0.5943,1.0,"['action', 'adventure', 'rpg']","['action', 'action adventure', 'action rpg', 'adventure', 'assassin', 'female protagonist', 'historical', 'multiplayer', 'open world', 'rpg', 'singleplayer', 'stealth', 'story rich', 'third person']",['single player'],2022-12-06,70.0,26946.0,26774
812140,Assassin's Creed® Odyssey,4,2221920,Immortals Fenyx Rising,0.7468,1.0,0.5779,1.0,"['action', 'adventure', 'rpg']","['action', 'action adventure', 'action rpg', 'adventure', 'exploration', 'female protagonist', 'historical', 'mythology', 'open world', 'rpg', 'singleplayer', 'story rich', 'third person']",['single player'],2022-12-15,71.0,3380.0,3334
812140,Assassin's Creed® Odyssey,5,911400,Assassin's Creed® III Remastered,0.7377,0.7067,0.685,1.0,"['action', 'adventure']","['action', 'action adventure', 'action rpg', 'adventure', 'assassin', 'historical', 'multiplayer', 'open world', 'parkour', 'rpg', 'singleplayer', 'stealth', 'story rich', 'third person']",['single player'],2019-03-29,61.0,10829.0,10772
812140,Assassin's Creed® Odyssey,6,260210,Assassin’s Creed® Liberation HD,0.737,0.7067,0.6839,1.0,"['action', 'adventure']","['action', 'action adventure', 'adventure', 'assassin', 'exploration', 'female protagonist', 'historical', 'multiplayer', 'open world', 'parkour', 'singleplayer', 'stealth', 'third person']",['single player'],2014-01-15,52.0,2666.0,2659
812140,Assassin's Creed® Odyssey,7,368500,Assassin's Creed® Syndicate,0.7031,0.7067,0.6274,1.0,"['action', 'adventure']","['action', 'adventure', 'assassin', 'female protagonist', 'historical', 'multiplayer', 'open world', 'parkour', 'rpg', 'singleplayer', 'stealth', 'story rich', 'third person']",['single player'],2015-11-18,80.0,27248.0,27204
812140,Assassin's Creed® Odyssey,8,471010,Seven: Enhanced Edition,0.7019,0.9429,0.5269,1.0,"['action', 'adventure', 'rpg']","['action', 'action adventure', 'action rpg', 'adventure', 'assassin', 'exploration', 'open world', 'parkour', 'rpg', 'singleplayer', 'stealth']",['single player'],2017-12-01,76.0,1314.0,1309
812140,Assassin's Creed® Odyssey,9,714250,Eternity: The Last Unicorn,0.6987,0.9429,0.5217,1.0,"['action', 'adventure', 'rpg']","['action', 'action adventure', 'action rpg', 'adventure', 'female protagonist', 'mythology', 'rpg', 'story rich', 'third person']",['single player'],2019-03-05,39.0,104.0,104
812140,Assassin's Creed® Odyssey,10,354380,Assassin’s Creed® Chronicles: China,0.679,0.7067,0.5872,1.0,"['action', 'adventure']","['action', 'adventure', 'assassin', 'female protagonist', 'historical', 'open world', 'parkour', 'singleplayer', 'stealth']",['single player'],2015-04-21,73.0,3333.0,3330
812140,Assassin's Creed® Odyssey,11,1532690,BLACKTAIL,0.672,1.0,0.4534,1.0,"['action', 'adventure', 'rpg']","['action', 'action adventure', 'action rpg', 'choices matter', 'exploration', 'female protagonist', 'multiple endings', 'mythology', 'open world', 'singleplayer', 'story rich']",['single player'],2022-12-15,84.0,1587.0,1563
812140,Assassin's Creed® Odyssey,12,1249800,Xuan-Yuan Sword VII,0.6703,1.0,0.4505,1.0,"['action', 'adventure', 'rpg']","['action', 'action adventure', 'action rpg', 'adventure', 'choices matter', 'historical', 'multiplayer', 'open world', 'rpg', 'singleplayer', 'story rich', 'third person']",['single player'],2020-10-28,62.0,8377.0,8377
812140,Assassin's Creed® Odyssey,13,15100,Assassin's Creed™: Director's Cut Edition,0.67,0.7067,0.5722,1.0,"['action', 'adventure']","['action', 'action adventure', 'adventure', 'assassin', 'exploration', 'historical', 'open world', 'parkour', 'singleplayer', 'stealth', 'story rich', 'third person']",['single player'],2008-04-09,81.0,19777.0,19551
812140,Assassin's Creed® Odyssey,14,3273100,Hunter of Ming Dynasty,0.6684,0.9429,0.4711,1.0,"['action', 'adventure', 'rpg']","['action', 'action adventure', 'action rpg', 'adventure', 'historical', 'open world', 'rpg', 'singleplayer', 'third person']",['single player'],2024-11-26,,0.0,0
812140,Assassin's Creed® Odyssey,15,359600,Assassin’s Creed® Chronicles: Russia,0.6662,0.7067,0.5659,1.0,"['action', 'adventure']","['action', 'adventure', 'assassin', 'historical', 'open world', 'parkour', 'singleplayer', 'stealth']",['single player'],2016-02-09,58.0,1066.0,1066
812140,Assassin's Creed® Odyssey,16,359610,Assassin’s Creed® Chronicles: India,0.6662,0.7067,0.5659,1.0,"['action', 'adventure']","['action', 'adventure', 'assassin', 'historical', 'open world', 'parkour', 'singleplayer', 'stealth']",['single player'],2016-01-12,64.0,930.0,929
812140,Assassin's Creed® Odyssey,17,1370310,Jewel of Kuru,0.6661,0.9429,0.4673,1.0,"['action', 'adventure', 'rpg']","['action', 'action adventure', 'action rpg', 'adventure', 'choose your own adventure', 'exploration', 'historical', 'open world', 'rpg', 'singleplayer', 'story rich', 'third person']",['single player'],2020-08-07,,0.0,0
812140,Assassin's Creed® Odyssey,18,33230,Assassin's Creed 2,0.6645,0.7067,0.5631,1.0,"['action', 'adventure']","['action', 'action adventure', 'adventure', 'assassin', 'historical', 'multiplayer', 'open world', 'parkour', 'singleplayer', 'stealth', 'story rich', 'third person']",['single player'],2010-03-09,89.0,49589.0,49557
812140,Assassin's Creed® Odyssey,19,338140,Venetica - Gold Edition,0.6608,0.9429,0.4586,1.0,"['action', 'adventure', 'rpg']","['action', 'action rpg', 'adventure', 'female protagonist', 'open world', 'rpg', 'singleplayer', 'third person']",['single player'],2015-01-23,79.0,591.0,591
812140,Assassin's Creed® Odyssey,20,1625280,Shackled,0.6604,1.0,0.4341,1.0,"['action', 'adventure', 'rpg']","['action adventure', 'adventure', 'choices matter', 'choose your own adventure', 'female protagonist', 'multiple endings', 'open world', 'rpg', 'singleplayer', 'story rich', 'third person']",['single player'],2021-05-21,,0.0,0
812140,Assassin's Creed® Odyssey,21,966470,Tale of Ninja: Fall of the Miyoshi,0.6578,0.7898,0.5173,1.0,"['action', 'adventure', 'rpg']","['action', 'action adventure', 'action rpg', 'adventure', 'assassin', 'historical', 'multiple endings', 'rpg', 'singleplayer', 'stealth', 'third person']",['single player'],2021-07-22,53.0,43.0,0
812140,Assassin's Creed® Odyssey,22,270430,Cypress Inheritance: The Beginning,0.6572,0.7898,0.5163,1.0,"['action', 'adventure', 'rpg']","['action', 'action adventure', 'action rpg', 'adventure', 'choose your own adventure', 'exploration', 'female protagonist', 'open world', 'rpg', 'singleplayer', 'stealth', 'third person']",['single player'],2014-03-10,7.0,13.0,0
812140,Assassin's Creed® Odyssey,23,2556990,Beyond Good & Evil - 20th Anniversary Edition,0.6539,0.7067,0.5454,1.0,"['action', 'adventure']","['action', 'action adventure', 'adventure', 'exploration', 'female protagonist', 'open world', 'singleplayer', 'stealth', 'story rich', 'third person']",['single player'],2024-06-24,81.0,1013.0,1001
812140,Assassin's Creed® Odyssey,24,1173220,Bleak Faith: Forsaken,0.6458,0.9429,0.4334,1.0,"['action', 'adventure', 'rpg']","['action', 'action adventure', 'action rpg', 'adventure', 'choices matter', 'exploration', 'open world', 'rpg', 'singleplayer', 'stealth', 'third person']",['single player'],2023-03-10,73.0,2285.0,2282
812140,Assassin's Creed® Odyssey,25,990080,Hogwarts Legacy,0.6455,1.0,0.4092,1.0,"['action', 'adventure', 'rpg']","['action', 'action adventure', 'action rpg', 'adventure', 'choices matter', 'exploration', 'open world', 'rpg', 'singleplayer', 'story rich', 'third person']",['single player'],2023-02-10,90.0,224737.0,224368
812140,Assassin's Creed® Odyssey,26,2302840,Compass of Destiny: Istanbul,0.6431,1.0,0.4052,1.0,"['action', 'adventure', 'rpg']","['action', 'action adventure', 'action rpg', 'choices matter', 'choose your own adventure', 'historical', 'open world', 'rpg', 'story rich']",['single player'],2023-12-14,70.0,54.0,0
812140,Assassin's Creed® Odyssey,27,1179580,KAKU: Ancient Seal,0.6423,0.9429,0.4277,1.0,"['action', 'adventure', 'rpg']","['action', 'action adventure', 'action rpg', 'adventure', 'exploration', 'mythology', 'open world', 'rpg', 'singleplayer', 'story rich', 'third person']",['single player'],2024-07-11,74.0,618.0,618
812140,Assassin's Creed® Odyssey,28,2004640,Svarog's Dream,0.6417,1.0,0.4028,1.0,"['action', 'adventure', 'rpg']","['action', 'action rpg', 'adventure', 'choices matter', 'exploration', 'multiple endings', 'mythology', 'open world', 'rpg', 'singleplayer', 'story rich']",['single player'],2023-12-04,89.0,587.0,587
812140,Assassin's Creed® Odyssey,29,1482320,琉隐,0.64,0.9429,0.4238,1.0,"['action', 'adventure', 'rpg']","['action', 'action adventure', 'action rpg', 'adventure', 'exploration', 'female protagonist', 'mythology', 'open world', 'rpg', 'singleplayer', 'third person']",['single player'],2021-12-30,60.0,104.0,104
812140,Assassin's Creed® Odyssey,30,1918340,Voxquest: The Firebird,0.6398,1.0,0.3996,1.0,"['action', 'adventure', 'rpg']","['action', 'action adventure', 'action rpg', 'adventure', 'exploration', 'female protagonist', 'open world', 'rpg', 'singleplayer', 'third person']",['single player'],2022-03-17,,0.0,0
812140,Assassin's Creed® Odyssey,31,391220,Rise of the Tomb Raider™,0.6384,0.7067,0.5195,1.0,"['action', 'adventure']","['action', 'action adventure', 'adventure', 'exploration', 'female protagonist', 'multiplayer', 'open world', 'parkour', 'rpg', 'singleplayer', 'stealth', 'story rich', 'third person']",['single player'],2016-02-09,94.0,108418.0,108346
812140,Assassin's Creed® Odyssey,32,277590,Assassin's Creed Freedom Cry,0.6361,0.7067,0.5156,1.0,"['action', 'adventure']","['action', 'adventure', 'assassin', 'historical', 'multiplayer', 'open world', 'parkour', 'rpg', 'singleplayer', 'stealth', 'story rich', 'third person']",['single player'],2014-02-25,76.0,2311.0,2299
812140,Assassin's Creed® Odyssey,33,312780,Way of the Samurai 4,0.6349,0.7067,0.5138,1.0,"['action', 'adventure']","['action', 'action rpg', 'choices matter', 'choose your own adventure', 'exploration', 'female protagonist', 'historical', 'multiple endings', 'open world', 'rpg', 'story rich', 'third person']",['single player'],2015-07-23,79.0,1719.0,1719
812140,Assassin's Creed® Odyssey,34,2172410,100animalease,0.6343,0.9429,0.4143,1.0,"['action', 'adventure', 'rpg']","['action', 'action adventure', 'action rpg', 'adventure', 'choose your own adventure', 'exploration', 'female protagonist', 'rpg', 'singleplayer', 'stealth']",['single player'],2022-12-25,94.0,17.0,0
812140,Assassin's Creed® Odyssey,35,311560,Assassin’s Creed® Rogue,0.6342,0.7067,0.5126,1.0,"['action', 'adventure']","['action', 'action adventure', 'adventure', 'assassin', 'historical', 'open world', 'parkour', 'singleplayer', 'stealth', 'story rich', 'third person']",['single player'],2015-03-09,85.0,16630.0,16625
812140,Assassin's Creed® Odyssey,36,1593500,God of War,0.6337,1.0,0.3895,1.0,"['action', 'adventure', 'rpg']","['action', 'action rpg', 'adventure', 'exploration', 'mythology', 'open world', 'rpg', 'singleplayer', 'story rich', 'third person']",['single player'],2022-01-14,96.0,107989.0,107557
812140,Assassin's Creed® Odyssey,37,245730,Flashback,0.6325,1.0,0.0,1.0,"['action', 'adventure', 'rpg']",[],['single player'],2013-10-01,59.0,495.0,495
812140,Assassin's Creed® Odyssey,38,258180,Deus Ex: The Fall,0.6325,1.0,0.0,1.0,"['action', 'adventure', 'rpg']",[],['single player'],2014-03-17,36.0,3559.0,3558
812140,Assassin's Creed® Odyssey,39,640160,Galactic Glitch: Prologue,0.6325,1.0,0.0,1.0,"['action', 'adventure', 'rpg']",[],['single player'],2023-05-31,97.0,169.0,0
812140,Assassin's Creed® Odyssey,40,817890,Paleocalypse,0.6325,1.0,0.0,1.0,"['action', 'adventure', 'rpg']",[],['single player'],2018-03-17,,0.0,0
812140,Assassin's Creed® Odyssey,41,869600,On Your Mark,0.6325,1.0,0.0,1.0,"['action', 'adventure', 'rpg']",[],['single player'],2019-06-28,,0.0,0
812140,Assassin's Creed® Odyssey,42,1061930,Cyber City,0.6325,1.0,0.0,1.0,"['action', 'adventure', 'rpg']",[],['single player'],2019-12-17,19.0,162.0,162
812140,Assassin's Creed® Odyssey,43,1280260,Overgrown: Genesis,0.6325,1.0,0.0,1.0,"['action', 'adventure', 'rpg']",[],['single player'],2020-05-22,83.0,189.0,189
812140,Assassin's Creed® Odyssey,44,1281160,Castle in The Clouds DX,0.6325,1.0,0.0,1.0,"['action', 'adventure', 'rpg']",[],['single player'],2021-10-08,92.0,911.0,911
812140,Assassin's Creed® Odyssey,45,1299320,Midnight Castle Succubus DX,0.6325,1.0,0.0,1.0,"['action', 'adventure', 'rpg']",[],['single player'],2020-09-18,94.0,984.0,983
812140,Assassin's Creed® Odyssey,46,1327080,Tower and Sword of Succubus,0.6325,1.0,0.0,1.0,"['action', 'adventure', 'rpg']",[],['single player'],2020-10-30,86.0,773.0,773
812140,Assassin's Creed® Odyssey,47,1384910,Shinobi Breaker,0.6325,1.0,0.0,1.0,"['action', 'adventure', 'rpg']",[],['single player'],2021-02-10,,0.0,0
812140,Assassin's Creed® Odyssey,48,1434900,HardPunch: Sex Plague,0.6325,1.0,0.0,1.0,"['action', 'adventure', 'rpg']",[],['single player'],2021-01-21,44.0,49.0,0
812140,Assassin's Creed® Odyssey,49,1441240,Paradiso Guardian,0.6325,1.0,0.0,1.0,"['action', 'adventure', 'rpg']",[],['single player'],2023-09-14,90.0,259.0,259
812140,Assassin's Creed® Odyssey,50,1459410,Sex Quest,0.6325,1.0,0.0,1.0,"['action', 'adventure', 'rpg']",[],['single player'],2020-12-03,38.0,18.0,0
