popularity_rank,appid,recommended_game,popularity_score_ap1,recommendations,positive,negative,peak_ccu
1,730,Counter-Strike 2,31.191162419725167,4401572,7480813,1135108,1212356
2,431960,Wallpaper Engine,29.21350645745526,809225,855816,17140,120461
3,413150,Stardew Valley,28.753825320108497,729406,841413,13440,67309
4,578080,PUBG: BATTLEGROUNDS,28.0702567188318,1732007,1487960,1024436,616738
5,271590,Grand Theft Auto V Legacy,28.009421959505236,1803063,1719950,250012,117698
6,252490,Rust,27.943749216033588,992825,1043708,152272,200902
7,105600,Terraria,27.89991504531087,1098792,1344773,34460,30516
8,227300,Euro Truck Simulator 2,27.705225018400427,669576,825685,22349,43539
9,4000,Garry's Mod,27.591146604690607,984713,1106689,36727,32384
10,1086940,Baldur's Gate 3,27.57826798303366,647659,709860,23273,48021
11,2358720,Black Myth: Wukong,27.483480034159037,825294,1098373,37811,35990
12,359550,Tom Clancy's Rainbow Six® Siege,27.03904630506735,1165929,1152763,218446,89916
13,1245620,ELDEN RING,26.82838972166512,749109,956144,73714,46121
14,1174180,Red Dead Redemption 2,26.4143678846495,640318,639084,54998,39811
15,739630,Phasmophobia,26.40983376620637,614996,723620,31340,20766
16,292030,The Witcher 3: Wild Hunt,26.376053270579767,761658,791139,31979,15129
17,250900,The Binding of Isaac: Rebirth,26.32543419421783,300949,324110,8751,24316
18,322330,Don't Starve Together,26.236002742370214,335058,467745,22312,35283
19,892970,Valheim,26.198527441655852,417559,462942,27454,33903
20,1966720,Lethal Company,26.197115591017504,386936,466206,13075,17278
21,294100,RimWorld,26.174261609200705,173803,201079,4151,27679
22,284160,BeamNG.drive,25.912204537674754,283173,299119,7884,16688
23,1623730,Palworld,25.865701231105092,314601,350225,21784,33835
24,2001120,Split Fiction,25.642612229178575,12483,17127,314,201694
25,2379780,Balatro,25.63327401834099,107768,131361,2538,24326
26,646570,Slay the Spire,25.58487586353317,152479,172382,3835,18859
27,394360,Hearts of Iron IV,25.484815711499714,237325,296016,32235,53652
28,1091500,Cyberpunk 2077,25.445364968900268,735210,690253,132012,29239
29,548430,Deep Rock Galactic,25.426117439322653,267497,326096,9180,11604
30,108600,Project Zomboid,25.4205852134765,274500,339627,20995,24694
31,553850,HELLDIVERS™ 2,25.41868673612563,716326,743292,234931,48290
32,960090,Bloons TD 6,25.392713828214642,306194,337324,9429,9735
33,526870,Satisfactory,25.288507492621612,189253,217300,6461,15097
34,242760,The Forest,25.28088282434676,523430,588185,27459,8504
35,1118200,People Playground,25.25460907784836,257989,271156,3874,5144
36,427520,Factorio,25.246626567254687,171464,204396,6366,16739
37,252950,Rocket League®,25.225596120575187,433535,509315,73137,29885
38,322170,Geometry Dash,25.22031799908386,369284,375145,26270,17019
39,346110,ARK: Survival Evolved,25.190672572004438,541698,603824,117279,31240
40,367520,Hollow Knight,25.164404349903627,356592,388369,11795,7228
41,2246340,Monster Hunter Wilds,25.100554007078625,88048,74671,58069,703236
42,582010,Monster Hunter: World,25.056536502497536,296655,427283,58615,35233
43,289070,Sid Meier’s Civilization® VI,25.01758671030899,250732,299471,45507,44413
44,221100,DayZ,24.9975693376741,349722,322497,99092,63109
45,381210,Dead by Daylight,24.957540684121398,568830,618330,164105,32198
46,1771300,Kingdom Come: Deliverance II,24.90273151442445,56822,70637,4776,77751
47,3241660,R.E.P.O.,24.809324294262055,15889,18497,628,127336
48,1145360,Hades,24.797452046317566,255416,271755,4795,4062
49,813780,Age of Empires II: Definitive Edition,24.782636299436156,138581,150058,8044,22413
50,945360,Among Us,24.739629260317344,613605,640795,56840,8022
51,1794680,Vampire Survivors,24.62173172430475,234574,243277,3737,3230
52,251570,7 Days to Die,24.618309735263708,248708,322283,41459,25426
53,240,Counter-Strike: Source,24.55614190588763,124112,172801,6697,14426
54,218620,PAYDAY 2,24.548168823523916,434856,593403,68733,12206
55,264710,Subnautica,24.54707334769221,276733,297572,9157,5090
56,270880,American Truck Simulator,24.542567731057908,142419,165324,5425,10501
57,489830,The Elder Scrolls V: Skyrim Special Edition,24.51440736245684,183084,300970,26626,21409
58,239140,Dying Light,24.447803412262346,336797,428753,21594,6198
59,648800,Raft,24.43131154504598,289286,316714,22510,10017
60,629520,Soundpad,24.410318770574,75090,78217,3175,21589
61,570,Dota 2,24.28706758249522,14337,1998462,451338,555977
62,1203220,NARAKA: BLADEPOINT,24.278371851319474,194325,222830,94311,76211
63,374320,DARK SOULS™ III,24.26807731674001,258226,383471,23127,8088
64,1172620,Sea of Thieves: 2024 Edition,24.207317151324744,302793,313414,37308,12812
65,1938090,Call of Duty®,24.14629101221228,379597,405742,286287,56993
66,457140,Oxygen Not Included,24.11646545881174,118117,121944,4094,8460
67,255710,Cities: Skylines,24.109441401322435,201929,251370,18731,10905
68,435150,Divinity: Original Sin 2 - Definitive Edition,24.061061159150036,163956,179788,7811,7461
69,1454400,Cookie Clicker,24.053909775109616,72351,74239,2535,13198
70,1229490,ULTRAKILL,24.04680439635909,137785,152394,3487,4610
71,261550,Mount & Blade II: Bannerlord,24.040416055238047,202105,228586,31683,18915
72,1222670,The Sims™ 4,24.033710692955538,80026,143291,20763,49608
73,2050650,Resident Evil 4,24.03331169176069,110146,167309,3984,5921
74,1222140,Detroit: Become Human,23.88393027947408,135068,150302,6865,7976
75,1426210,It Takes Two,23.86433126917631,173160,196478,9999,6797
76,2694490,Path of Exile 2,23.82640978437047,104430,109452,27055,52708
77,1551360,Forza Horizon 5,23.806133586944576,197363,190308,24493,14229
78,814380,Sekiro™: Shadows Die Twice - GOTY Edition,23.80586738597593,228653,299281,14777,4710
79,377160,Fallout 4,23.795629001074353,258146,321613,65817,17117
80,990080,Hogwarts Legacy,23.788631307354144,224368,281092,29921,10172
81,48700,Mount & Blade: Warband,23.69947423439372,129927,161503,3750,3505
82,1366800,Crosshair X,23.657364539333212,26777,26420,1877,49914
83,1868140,DAVE THE DIVER,23.63949314053253,112326,119992,3511,4812
84,632360,Risk of Rain 2,23.630568022169648,207393,286416,20064,6183
85,1085660,Destiny 2,23.623592465381755,127458,494927,125932,36292
86,440,Team Fortress 2,23.61199397353292,41587,1025633,120619,50817
87,107410,Arma 3,23.602385157252087,215337,253199,26782,8742
88,275850,No Man's Sky,23.58947824414774,262068,287427,59294,13830
89,1942280,Brotato,23.579144280206503,89036,90914,3068,6592
90,244210,Assetto Corsa,23.56511542715739,113464,135644,10838,12075
91,1158310,Crusader Kings III,23.528288320176582,79576,110492,11676,21948
92,1366540,Dyson Sphere Program,23.326296930832033,76577,82154,1964,4217
93,281990,Stellaris,23.27000752528984,127083,156474,23733,15235
94,393380,Squad,23.25334137231841,151045,169225,34721,17053
95,236850,Europa Universalis IV,23.144875288946416,90664,114990,17808,19240
96,49520,Borderlands 2,23.066757082981713,199475,272096,17578,3373
97,391540,Undertale,23.066286696060946,228027,246907,8407,1554
98,1238840,Battlefield™ 1,23.057565769102226,157445,156453,24369,10211
99,379430,Kingdom Come: Deliverance,23.053161878897406,117881,129909,24953,16745
100,1326470,Sons Of The Forest,23.047572486656335,215190,212182,30041,6723
